kor_name,function,inci_name,match_status,match_source,candidates,aliases,max_content,condition,effect_codes,sources,review_note
나이아신아마이드,whitening,NIACINAMIDE,matched,gold_kor_name,NIACINAMIDE,,2～5%,,BRIGHTENING|DEPIGMENTING,심사규정 별표4-2번 7|기준고시 별표2,
닥나무추출물,whitening,,not_equivalent,,,,2%,,BRIGHTENING|DEPIGMENTING,심사규정 별표4-2번 1|기준고시 별표2,고시 원료는 줄기·뿌리를 에탄올·에틸아세테이트로 추출한 특정 원료(타이로시네이즈 억제율 규격). 일반 BROUSSONETIA KAZINOKI ROOT/BARK EXTRACT와 동일시하지 않음
마그네슘아스코빌포스페이트,whitening,MAGNESIUM ASCORBYL PHOSPHATE,matched,gold_kor_name,MAGNESIUM ASCORBYL PHOSPHATE,,3%,,BRIGHTENING|DEPIGMENTING,심사규정 별표4-2번 6,
아스코빌글루코사이드,whitening,ASCORBYL GLUCOSIDE,matched,gold_kor_name,ASCORBYL GLUCOSIDE,,2%,,BRIGHTENING|DEPIGMENTING,심사규정 별표4-2번 5|기준고시 별표2,
아스코빌테트라이소팔미테이트,whitening,ASCORBYL TETRAISOPALMITATE,matched,gold_kor_name,ASCORBYL TETRAISOPALMITATE,,2%,,BRIGHTENING|DEPIGMENTING,심사규정 별표4-2번 9|기준고시 별표2,
알부틴,whitening,ARBUTIN,matched,gold_kor_name,ARBUTIN,,2～5%,,BRIGHTENING|DEPIGMENTING,심사규정 별표4-2번 2|기준고시 별표2,
알파-비사보롤,whitening,BISABOLOL,matched,manual,BISABOLOL,,0.5%,,BRIGHTENING|DEPIGMENTING,심사규정 별표4-2번 8|기준고시 별표2,
에칠아스코빌에텔,whitening,3-O-ETHYL ASCORBIC ACID,matched,gold_kor_name,3-O-ETHYL ASCORBIC ACID,,1～2%,,BRIGHTENING|DEPIGMENTING,심사규정 별표4-2번 3|기준고시 별표2,
유용성감초추출물,whitening,,not_equivalent,,,,0.05%,,BRIGHTENING|DEPIGMENTING,심사규정 별표4-2번 4|기준고시 별표2,고시 원료는 글라브리딘 35.0% 이상인 유용성 추출물. 일반 GLYCYRRHIZA GLABRA RHIZOME/ROOT EXTRACT와 동일시하지 않음
레티놀,anti_wrinkle,RETINOL,matched,gold_kor_name,RETINOL,,"2,500IU/g",,ANTI_AGING,심사규정 별표4-3번 1|기준고시 별표3,
레티닐팔미테이트,anti_wrinkle,RETINYL PALMITATE,matched,gold_kor_name,RETINYL PALMITATE,,"10,000IU/g",,ANTI_AGING,심사규정 별표4-3번 2|기준고시 별표3,
아데노신,anti_wrinkle,ADENOSINE,matched,gold_kor_name,ADENOSINE,,0.04%,,ANTI_AGING,심사규정 별표4-3번 3|기준고시 별표3,
폴리에톡실레이티드레틴아마이드,anti_wrinkle,POLYETHOXYLATED RETINAMIDE,matched,mfds_db,POLYETHOXYLATED RETINAMIDE,,0.05～0.2%,,ANTI_AGING,심사규정 별표4-3번 4|기준고시 별표3,
4-메칠벤질리덴캠퍼,uv_protection,4-METHYLBENZYLIDENE CAMPHOR,matched,gold_kor_name,4-METHYLBENZYLIDENE CAMPHOR,,4 %,,PHOTOPROTECTIVE,심사규정 별표4-1번 4|기준고시 별표4,
드로메트리졸,uv_protection,DROMETRIZOLE,matched,gold_kor_name,DROMETRIZOLE,,1 %,,PHOTOPROTECTIVE,심사규정 별표4-1번 2|기준고시 별표4,
드로메트리졸트리실록산,uv_protection,DROMETRIZOLE TRISILOXANE,matched,gold_kor_name,DROMETRIZOLE TRISILOXANE,,15 %,,PHOTOPROTECTIVE,심사규정 별표4-1번 24|기준고시 별표4,
디갈로일트리올리에이트,uv_protection,DIGALLOYL TRIOLEATE,matched,gold_kor_name,DIGALLOYL TRIOLEATE,,5 %,,PHOTOPROTECTIVE,심사규정 별표4-1번 3|기준고시 별표4,
디소듐페닐디벤즈이미다졸테트라설포네이트,uv_protection,DISODIUM PHENYL DIBENZIMIDAZOLE TETRASULFONATE,matched,gold_kor_name,DISODIUM PHENYL DIBENZIMIDAZOLE TETRASULFONATE,,산으로 10 %,,PHOTOPROTECTIVE,심사규정 별표4-1번 23|기준고시 별표4,
디에칠아미노하이드록시벤조일헥실벤조에이트,uv_protection,DIETHYLAMINO HYDROXYBENZOYL HEXYL BENZOATE,matched,gold_kor_name,DIETHYLAMINO HYDROXYBENZOYL HEXYL BENZOATE,,10 %,,PHOTOPROTECTIVE,심사규정 별표4-1번 29,
디에칠헥실부타미도트리아존,uv_protection,DIETHYLHEXYL BUTAMIDO TRIAZONE,matched,gold_kor_name,DIETHYLHEXYL BUTAMIDO TRIAZONE,,10 %,,PHOTOPROTECTIVE,심사규정 별표4-1번 25|기준고시 별표4,
메칠렌비스-벤조트리아졸릴테트라메칠부틸페놀,uv_protection,METHYLENE BIS-BENZOTRIAZOLYL TETRAMETHYLBUTYLPHENOL,matched,gold_kor_name,METHYLENE BIS-BENZOTRIAZOLYL TETRAMETHYLBUTYLPHENOL,,10 %,,PHOTOPROTECTIVE,심사규정 별표4-1번 27|기준고시 별표4,
멘틸안트라닐레이트,uv_protection,MENTHYL ANTHRANILATE,matched,gold_kor_name,MENTHYL ANTHRANILATE,,5 %,,PHOTOPROTECTIVE,심사규정 별표4-1번 5|기준고시 별표4,
벤조페논-3,uv_protection,BENZOPHENONE-3,matched,gold_kor_name,BENZOPHENONE-3,,5 %,,PHOTOPROTECTIVE,심사규정 별표4-1번 6|기준고시 별표4,
벤조페논-4,uv_protection,BENZOPHENONE-4,matched,gold_kor_name,BENZOPHENONE-4,,5 %,,PHOTOPROTECTIVE,심사규정 별표4-1번 7|기준고시 별표4,
벤조페논-8,uv_protection,BENZOPHENONE-8,matched,gold_kor_name,BENZOPHENONE-8,,3 %,,PHOTOPROTECTIVE,심사규정 별표4-1번 8|기준고시 별표4,
부틸메톡시디벤조일메탄,uv_protection,BUTYL METHOXYDIBENZOYLMETHANE,matched,gold_kor_name,BUTYL METHOXYDIBENZOYLMETHANE,,5 %,,PHOTOPROTECTIVE,심사규정 별표4-1번 9|기준고시 별표4,
비스-에칠헥실옥시페놀메톡시페닐트리아진,uv_protection,BIS-ETHYLHEXYLOXYPHENOL METHOXYPHENYL TRIAZINE,matched,gold_kor_name,BIS-ETHYLHEXYLOXYPHENOL METHOXYPHENYL TRIAZINE,,10 %,,PHOTOPROTECTIVE,심사규정 별표4-1번 22|기준고시 별표4,
시녹세이트,uv_protection,CINOXATE,matched,gold_kor_name,CINOXATE,,5 %,,PHOTOPROTECTIVE,심사규정 별표4-1번 10|기준고시 별표4,
에칠헥실디메칠파바,uv_protection,ETHYLHEXYL DIMETHYL PABA,matched,gold_kor_name,ETHYLHEXYL DIMETHYL PABA,,8 %,,PHOTOPROTECTIVE,심사규정 별표4-1번 13|기준고시 별표4,
에칠헥실메톡시신나메이트,uv_protection,ETHYLHEXYL METHOXYCINNAMATE,matched,gold_kor_name,ETHYLHEXYL METHOXYCINNAMATE,,7.5 %,,PHOTOPROTECTIVE,심사규정 별표4-1번 14|기준고시 별표4,
에칠헥실살리실레이트,uv_protection,ETHYLHEXYL SALICYLATE,matched,gold_kor_name,ETHYLHEXYL SALICYLATE,,5 %,,PHOTOPROTECTIVE,심사규정 별표4-1번 15|기준고시 별표4,
에칠헥실트리아존,uv_protection,ETHYLHEXYL TRIAZONE,matched,gold_kor_name,ETHYLHEXYL TRIAZONE,,5 %,,PHOTOPROTECTIVE,심사규정 별표4-1번 11|기준고시 별표4,
옥토크릴렌,uv_protection,OCTOCRYLENE,matched,gold_kor_name,OCTOCRYLENE,,10 %,,PHOTOPROTECTIVE,심사규정 별표4-1번 12|기준고시 별표4,
이소아밀p-메톡시신나메이트,uv_protection,ISOAMYL P-METHOXYCINNAMATE,matched,gold_kor_name,ISOAMYL P-METHOXYCINNAMATE,,10 %,,PHOTOPROTECTIVE,심사규정 별표4-1번 21,
징크옥사이드,uv_protection,CI 77947,matched,gold_kor_name,CI 77947,,25 %(자외선차단성분으로서),,PHOTOPROTECTIVE,심사규정 별표4-1번 19|기준고시 별표4,
테레프탈릴리덴디캠퍼설포닉애씨드,uv_protection,TEREPHTHALYLIDENE DICAMPHOR SULFONIC ACID,matched,gold_kor_name,TEREPHTHALYLIDENE DICAMPHOR SULFONIC ACID,,산으로 10 %,,PHOTOPROTECTIVE,심사규정 별표4-1번 28|기준고시 별표4,
티타늄디옥사이드,uv_protection,CI 77891,matched,gold_kor_name,CI 77891,,25 %(자외선차단성분으로서),,PHOTOPROTECTIVE,심사규정 별표4-1번 20|기준고시 별표4,
페닐벤즈이미다졸설포닉애씨드,uv_protection,PHENYLBENZIMIDAZOLE SULFONIC ACID,matched,gold_kor_name,PHENYLBENZIMIDAZOLE SULFONIC ACID,,4 %,,PHOTOPROTECTIVE,심사규정 별표4-1번 17,
폴리실리콘-15,uv_protection,POLYSILICONE-15,matched,gold_kor_name,POLYSILICONE-15,디메치코디에칠벤잘말로네이트,10 %,,PHOTOPROTECTIVE,심사규정 별표4-1번 26|기준고시 별표4,
호모살레이트,uv_protection,HOMOSALATE,matched,gold_kor_name,HOMOSALATE,,10 %,,PHOTOPROTECTIVE,심사규정 별표4-1번 18|기준고시 별표4,
살리실릭애씨드,acne,SALICYLIC ACID,matched,gold_kor_name,SALICYLIC ACID,,0.5 %,인체세정용(씻어내는) 제품에 한정,COMEDOLYTIC,심사규정 별표4-6번 1|기준고시 별표8,
덱스판테놀,hair_loss,PANTHENOL,matched,gold_kor_name,PANTHENOL,,,,,기준고시 별표9,
비오틴,hair_loss,BIOTIN,matched,mfds_db,BIOTIN,,,,,기준고시 별표9,
엘-멘톨,hair_loss,MENTHOL,matched,gold_kor_name,MENTHOL,,,,,기준고시 별표9,
징크피리치온,hair_loss,ZINC PYRITHIONE,matched,gold_kor_name,ZINC PYRITHIONE,,,,,기준고시 별표9,
